trac_name,start_race,race_id,participants
Warwick,14:00,5228054,"{'horse_name': ['Global Stage', 'Coo Star Sivola', 'Monsieur Co', 'Chateau Robin', 'Max Dynamo', 'Sacred Summit'], 'horse_id': ['3', '1', '5', '2', '4', '6'], 'horse_chances': ['5/4 ', '2/1 ', '11/4 ', '18/1 ', '175/1 ', '175/1 ']}"
Dundalk,20:30,5228025,"{'horse_name': ['Ligeti', ""Cristy's Call"", 'Lucent Dream', 'Free State', 'Ciankyle', 'Dandy Rock', 'Alterno', 'Manorov', 'Gramercy Park', 'Lucca', 'Mystery Gal', 'House Limit', 'Marino Marvel', 'Queluz', 'Crafty Codger', 'Redoute Star', 'Duffys Corner'], 'horse_id': ['2', '5', '3', '6', '9', '16', '1', '17', '12', '4', '7', '15', '8', '13', '10', '14', '11'], 'horse_chances': ['8/11', '11/2 ', '8/1 ', '11/1 ', '11/1 ', '12/1 ', '14/1 ', '14/1 ', '18/1 ', '22/1 ', '22/1 ', '28/1 ', '40/1 ', '40/1 ', '50/1 ', '50/1 ']}"
Dundalk,17:30,5228019,"{'horse_name': ['Chestnut Fire', 'Hes Our Music', 'Burn The Boats', 'Elusive In Paris', 'Elusive Guest', 'Mulzamm', 'Silca Wings', 'See You When', 'Illusive Force', 'Poppets Prince', 'Adelena', 'Settle For Red'], 'horse_id': ['1', '3', '10', '6', '5', '7', '12', '9', '11', '2', '4', '8'], 'horse_chances': ['8/11', '7/2 ', '9/1 ', '10/1 ', '12/1 ', '14/1 ', '22/1 ', '25/1 ', '50/1 ', '80/1 ', '100/1 ', '33/1 ']}"
Dundalk,19:00,5228022,"{'horse_name': ['Jon Ess', 'Beat The Bank', 'Loose Chippings', 'Reek Sunday', 'Goodnite Irina', 'Wild Shot', 'Power Of Ten', 'Vincy', 'Honour Roll', 'Maximus Daia', 'D K Travel', 'Woodcarver', 'Born On The Clyde'], 'horse_id': ['5', '1', '6', '13', '12', '10', '8', '9', '4', '7', '3', '11', '2'], 'horse_chances': ['7/4 ', '7/2 ', '9/2 ', '8/1 ', '10/1 ', '14/1 ', '16/1 ', '16/1 ', '18/1 ', '22/1 ', '33/1 ', '33/1 ', '50/1 ']}"
Dundalk,18:00,5228021,"{'horse_name': ['Zinat', 'Tobacco Bay', 'Secret Memories', 'Katouna', 'Fireflies', 'Main Pulse', 'Passionatta', 'Musk Mallow', 'Kitsune', 'Lavinuela'], 'horse_id': ['10', '9', '8', '2', '1', '5', '7', '6', '3', '4'], 'horse_chances': ['4/7 ', '7/2 ', '10/1 ', '12/1 ', '14/1 ', '16/1 ', '25/1 ', '33/1 ', '125/1 ', '125/1 ']}"
Dundalk,18:30,5228020,"{'horse_name': ['Poetic Choice', 'Geological', 'Political Policy', 'Shannon Soul', 'Dark Alliance', 'Aussie Valentine', 'Coreczka', 'Tribal Path'], 'horse_id': ['6', '4', '1', '7', '5', '2', '8', '3'], 'horse_chances': ['5/2 ', '7/2 ', '9/2 ', '5/1 ', '11/2 ', '9/1 ', '14/1 ']}"
Dundalk,20:00,5228024,"{'horse_name': ['War Goddess', 'New Direction', 'Commander Won', 'Multiviz', 'Brokopondo', 'Black Label', 'Carraigin Aonair', 'Maknificent', 'Bittern', 'Wither Hills', 'Next Bend', 'Rubenesque', 'Any Time', 'No Biggie', 'Candle Rocks', 'Dalaki', 'Park Row'], 'horse_id': ['3', '5', '12', '14', '1', '4', '11', '2', '7', '6', '13', '16', '17', '10', '15', '8', '9'], 'horse_chances': ['4/1 ', '4/1 ', '11/2 ', '13/2 ', '7/1 ', '10/1 ', '14/1 ', '16/1 ', '16/1 ', '20/1 ', '20/1 ', '20/1 ', '20/1 ', '25/1 ', '25/1 ', '40/1 ', '20/1 ']}"
Lingfield,17:05,5228070,"{'horse_name': ['Popsilca', 'Street Jazz', 'Who Told Jo Jo', 'Roundabout Magic', 'Met By Moonlight'], 'horse_id': ['5', '2', '1', '3', '4'], 'horse_chances': ['9/4 ', '5/2 ', '4/1 ', '9/2 ', '9/1 ']}"
Dundalk,19:30,5228023,"{'horse_name': ['Voyageofdiscovery', 'Alans Pride', 'Twistsandturns', ""Arlecchino's Rock"", 'Annagassan', 'Seaforth', 'Windsorlot', 'Tom Dooley', 'Modern Tutor', 'Rigid Rock', 'Bubbly Bellini', 'Barbel', ""World's Greatest"", 'Iyiyiangel', 'Jan Steen', 'Appease', ""Kodiac's Back""], 'horse_id': ['1', '5', '10', '11', '13', '6', '7', '12', '9', '14', '2', '15', '3', '17', '8', '16', '4'], 'horse_chances': ['3/1 ', '7/2 ', '4/1 ', '9/1 ', '10/1 ', '12/1 ', '12/1 ', '12/1 ', '14/1 ', '16/1 ', '18/1 ', '22/1 ', '28/1 ', '28/1 ', '33/1 ', '50/1 ']}"
Lingfield,16:35,5228068,"{'horse_name': ['Mr Strutter', 'Tigerfish', 'Bartholomew J', 'Joyful Dream', 'Rockalater', 'Masquerade Bling', 'Arya Stark', 'Hold Me Tight', 'Valley Lodge', 'Young Officer'], 'horse_id': ['1', '6', '10', '2', '9', '4', '5', '3', '7', '8'], 'horse_chances': ['7/4 ', '7/2 ', '5/1 ', '15/2 ', '10/1 ', '16/1 ', '16/1 ', '22/1 ', '25/1 ']}"
Lingfield,16:00,5228065,"{'horse_name': ['Take The Helm', 'Honiara', ""Joey's Destiny"", 'Twin Point', 'Shyron', 'Valbchek', 'Firmdecisions', 'The Warrior', 'Lexington Times', 'Fiftyshadesofgrey', 'Shypen', 'Fire Diamond', 'Young John'], 'horse_id': ['8', '6', '5', '9', '4', '1', '2', '7', '11', '3', '12', '13', '10'], 'horse_chances': ['5/1 ', '11/2 ', '13/2 ', '7/1 ', '15/2 ', '10/1 ', '10/1 ', '10/1 ', '10/1 ', '14/1 ', '14/1 ', '33/1 ']}"
Golden Gate Fields,23:15,5227078,"{'horse_name': ['Good Stats', 'Jamaalaree', ""Raja's Rose"", ""Lacey's Rainbow"", 'Kuuipo', 'Medicine Gal', 'Go To The Alter'], 'horse_id': ['1', '2', '3', '4', '5', '6', '7'], 'horse_chances': []}"
Golden Gate Fields,23:45,5227079,"{'horse_name': ['Hotter Than Sinn', 'Skeeter Davis', 'Padawon', 'Mossy Rock', 'Candorosa', 'Bet The Name', 'She Got Away'], 'horse_id': ['1', '2', '3', '4', '5', '6', '7'], 'horse_chances': []}"
Exeter,16:55,5228072,"{'horse_name': ['Thegirlfrommilan', 'All Kings', 'Muffins For Tea', ""Albert D'olivate"", 'Zero Grand', 'Shoofly Milly', 'Crank Em Up', 'Obistar', 'The Artful Cobbler', 'Beer Goggles', 'Mountain Of Mourne', 'What Larks'], 'horse_id': ['8', '2', '4', '6', '3', '11', '1', '9', '10', '5', '7', '12'], 'horse_chances': ['4/1 ', '13/2 ', '15/2 ', '15/2 ', '9/1 ', '9/1 ', '10/1 ', '11/1 ', '12/1 ', '14/1 ', '22/1 ', '25/1 ']}"
Lingfield,14:55,5228059,"{'horse_name': ['Casablanca', 'Appy Days', 'The Blue Bomber', 'Marauder', 'Paris Bound', ""L'ami De Rouge""], 'horse_id': ['5', '4', '2', '1', '3', '6'], 'horse_chances': ['2/1 ', '9/4 ', '5/2 ', '11/1 ', '11/1 ', '100/1 ']}"
Lingfield,15:25,5228062,"{'horse_name': ['Auric Goldfinger', 'State Residence', 'Beauchamp Opal', 'Ourmullion', 'Sandy Shores', 'Delfie Lane', 'Baby Helmet', 'Georgio', 'Oakley Pride', 'Greyjoy', 'London Grammar'], 'horse_id': ['6', '7', '9', '4', '2', '8', '5', '10', '1', '3', '11'], 'horse_chances': ['6/4', '7/1 ', '7/1 ', '15/2 ', '17/2 ', '12/1 ', '14/1 ', '14/1 ', '16/1 ', '28/1 ', '66/1 ']}"
Lingfield,14:20,5228056,"{'horse_name': ['Mystikana', 'Goodby Inheritence', 'Jersey Bull', 'The Ginger Berry', 'Firestorm', 'My Lord', 'Katalan', 'Cottesloe'], 'horse_id': ['5', '3', '4', '2', '6', '7', '8', '1'], 'horse_chances': ['11/4 ', '3/1 ', '4/1 ', '5/1 ', '13/2 ', '14/1 ', '22/1 ']}"
Exeter,17:25,5228071,"{'horse_name': ['Goonjim', 'Tobacco Road', 'Chance Taken', 'Blue April', 'Georgieshore', 'Baccalaureate', 'Daytime Ahead', 'Old Magic', 'Richardofdoccombe', 'Etheridge Annie', 'Touch Screen', 'Charlie Parker'], 'horse_id': ['12', '1', '2', '7', '4', '5', '8', '6', '3', '11', '9', '10'], 'horse_chances': ['2/1 ', '4/1 ', '6/1 ', '8/1 ', '11/1 ', '12/1 ', '12/1 ', '20/1 ', '22/1 ', '28/1 ', '33/1 ', '33/1 ']}"
Golden Gate Fields,22:45,5227077,"{'horse_name': ['Kolocha', 'Angel Tears', 'Say Your Grace', 'Gotham Desire', ""Ron's Answer"", ""Lorenzo's Gem"", 'Betdesilvergold'], 'horse_id': ['1', '2', '3', '4', '5', '6', '7'], 'horse_chances': []}"
Golden Gate Fields,20:45,5227072,"{'horse_name': ['French Tart', 'Our Clementine', 'Prophetinparadise', 'Red Rose Lady', 'Annisquam'], 'horse_id': ['1', '2', '3', '4', '5'], 'horse_chances': []}"
Golden Gate Fields,21:45,5227075,"{'horse_name': ['Fast And Foxy', 'Mon Petite', 'Turkish Tabby', 'Kiss N Scat', 'Estellara'], 'horse_id': ['1', '2', '3', '4', '5'], 'horse_chances': []}"
Golden Gate Fields,21:15,5227074,"{'horse_name': ['Gunny', ""Willie's Angel"", 'Highland Rose', 'Arviat Bay', 'Shez A Griller', 'Cazorla'], 'horse_id': ['1', '2', '3', '4', '5', '6'], 'horse_chances': []}"
Sunland Park,23:29,5227157,"{'horse_name': ['California Gurl', 'Ima Tempting Dash', 'Cautionsly', 'One Famous Swinger', 'One Sweet Shazee', 'Easily Bono', 'Regal First Moon', 'Queen Arabella', 'Rumers', 'Jessa Dashin', 'Jm Onfire'], 'horse_id': ['1', '2', '3', '4', '5', '6', '7', '8', '9', '10', '11'], 'horse_chances': []}"
Golden Gate Fields,22:15,5227076,"{'horse_name': ['Better In Leather', 'Buttie', 'Hekawi', 'Tiz Trendy', 'Tricked Again', ""She's My Cookie""], 'horse_id': ['1', '2', '3', '4', '5', '6'], 'horse_chances': []}"
Sunland Park,23:55,5227158,"{'horse_name': ['He Has Another Chick', 'Jumpn Dash N Go', 'Aamos Moses', 'This Blue Is For You', 'Mr Investment Junior', 'Valiant Meltdown', 'Gonna Rock You', 'Apollitical Flight', 'First Duke', 'Jesse Art', 'Timeto Runaway', 'Loris Winner'], 'horse_id': ['1', '2', '3', '4', '5', '6', '7', '8', '9', '10', '11', '12'], 'horse_chances': []}"
Sunland Park,23:03,5227156,"{'horse_name': ['Vodka Rocks', 'Cd Josey Wales', 'Lovely Lily Rose', 'Karls Motor Boat', 'Ms Elegant Eyes', 'Okie Paint Job', 'Southern Temptation', 'Jp A Roaring Lion', 'Creme Dela Cartel', 'Fredfree', 'Hot Doggin Foose', 'High Tide Down'], 'horse_id': ['1', '2', '3', '4', '5', '6', '7', '8', '9', '10', '11', '12'], 'horse_chances': []}"
Sunland Park,22:11,5227154,"{'horse_name': ['El Picoso Grande', 'Rkm Jesse Gotyouback', 'Big Daddy Rf', 'Swiss White Wine', 'Rc Runaway One', 'Sweet Super Woman', 'Blushette', 'Spotted Vike', 'Shes A Hard Ten', 'Vintage Outlaw', 'My Jesse Blue', 'Mamacita Cartel'], 'horse_id': ['1', '2', '3', '4', '5', '6', '7', '8', '9', '10', '11', '12'], 'horse_chances': []}"
Sunland Park,20:55,5227151,"{'horse_name': ['One Special Wave', 'First Lluvia Runaway', 'Altanero', 'Ym Icy', 'Onmybucketlist', 'Silver Vista', 'West Coast Offense B', 'Highest Return', 'Jeffs Knightmare', 'Hard Not To Sing', 'Its Crunch Tyme', 'Scooters Debutant'], 'horse_id': ['1', '2', '3', '4', '5', '6', '7', '8', '9', '10', '11', '12'], 'horse_chances': []}"
Sunland Park,21:45,5227153,"{'horse_name': ['Unbridled Joy', 'Trading On Up', 'Butch Up Sally', 'Creole Winner', 'Nemos Treasure', 'Dashingthrutheden', 'Dmzizzagonaroll', 'My Dashing Corona', 'Reddyforwhatido', 'Go Streak Lightning', 'Wdc Cowboys Like Us', 'All Forgiven'], 'horse_id': ['1', '2', '3', '4', '5', '6', '7', '8', '9', '10', '11', '12'], 'horse_chances': []}"
Chantilly,15:40,5224561,"{'horse_name': ['Astronomy Alfred', 'Bamaxsar', 'Teodash', 'Vatohio', 'Be My Lady', 'Pourquoipa', 'Funky Mary', ""L'arnacoeur"", 'Earletta', 'Miss Post Office', 'Maldon', 'Poster', 'Glamour Star', 'Coeur Dolois', 'Just New', 'Testarossa'], 'horse_id': ['1', '2', '3', '4', '5', '6', '7', '8', '9', '10', '11', '12', '13', '14', '15', '16'], 'horse_chances': []}"
Sunland Park,20:30,5227150,"{'horse_name': ['Es Heza Lucky', 'Hardtimez', 'Corona On A Stick', 'Jess Mr Dinero', 'Bonnie The Barfly', 'Calabcitas', 'Fanfreakntastic', 'Real Dancing Zulu', 'Jesses Perfect High', 'Dance Or Get Out', 'Relentless Reasons', 'Im Bigtime Southern'], 'horse_id': ['1', '2', '3', '4', '5', '6', '7', '8', '9', '10', '11', '12'], 'horse_chances': []}"
Sunland Park,21:20,5227152,"{'horse_name': ['Igotgame Rf', 'A Special Dawn', 'Jmf Western Man', 'Day Drink In', 'Mr Bill Bass', 'Streicher', 'Azoomn Destiny', 'Midnightsassy', 'Zedeco', 'Bars N Cars', 'Hot Judgement', 'Dynasty Ice 123'], 'horse_id': ['1', '2', '3', '4', '5', '6', '7', '8', '9', '10', '11', '12'], 'horse_chances': []}"
Chantilly,16:10,5224562,"{'horse_name': ['Wave Power', 'Albufera', 'Bluvida', 'Golden Buck', 'Night Lily', 'Bubbly', 'Volpe Fiona', 'Country Nevez', 'Green Saga', 'Conte Colorate', 'Pretzelle', ""Inca D'or"", 'Flora', 'Golden Criss', 'Should I Dream', 'Redbulldevaige'], 'horse_id': ['1', '2', '3', '4', '5', '6', '7', '8', '9', '10', '11', '12', '13', '14', '15', '16'], 'horse_chances': []}"
Sunland Park,22:37,5227155,"{'horse_name': ['Jm Blu Moonflash', 'Wahoo Raider', 'Quick Pik', 'June Bug Junior', 'Sir Diamond Dash', 'Dashin N Blazin', 'Jess Rueben James', 'Jesses Leader', 'Beverlys Ruller', 'Eyesawagon', 'Major Moonflash'], 'horse_id': ['1', '2', '3', '4', '5', '6', '7', '8', '9', '10', '11'], 'horse_chances': []}"
Chantilly,15:10,5224560,"{'horse_name': ['Tongues Of Fire', 'Fastnet Squall', 'Adiabate', 'Combat Des Trente', 'Distingo', 'Enki Girl', 'Pti Paul', 'Cajarian', 'Pompeii', 'Burning Man', 'Wallis', 'First Conde', 'Mavilla', 'New Yorkaise', 'Rebecamille'], 'horse_id': ['1', '2', '3', '4', '5', '6', '7', '8', '9', '10', '11', '12', '13', '14', '15'], 'horse_chances': []}"
Chantilly,14:05,5224558,"{'horse_name': ['Komodo', 'Loup Royal', 'Queen Agdal', 'Drole De Secret', 'Lady Emerald', 'Cabaret Dancer', 'Passage Rimbaut', 'Shark Cliff', 'Je Te Vois', 'Islandor', 'Gold And Roses', 'Cevedale', 'Sparkle Jack'], 'horse_id': ['1', '2', '3', '4', '5', '6', '7', '8', '9', '10', '11', '12', '13'], 'horse_chances': []}"
Chantilly,14:40,5224559,"{'horse_name': ['Hout Bay', 'Achillea', 'Normandy Kitten', 'Pastrida', 'Lady Katanga', 'Heartbeat', 'Majura', 'Afsane', 'Barbassionne', 'Funding', ""Accord D'argent"", 'Shamatorio', 'American Star', 'Champenoise', 'La Perle Doloise', 'Insolito'], 'horse_id': ['1', '2', '3', '4', '5', '6', '7', '8', '9', '10', '11', '12', '13', '14', '15', '16'], 'horse_chances': []}"
Chantilly,13:35,5224557,"{'horse_name': ['Meandro', 'Aztec Dreams', 'Vincento', 'Extinguish', 'Early Enough', 'Duc De St Fiacre', 'Musuko', 'Sainte Tempete', ""Dame D'id""], 'horse_id': ['1', '2', '3', '4', '5', '6', '7', '8', '9'], 'horse_chances': []}"
Delta Downs,23:40,5227063,"{'horse_name': ['Boogie Gal', ""Gladys' Frontier"", 'Quick Rae Rae', 'Chairman Mom', 'Myjobismylife', 'Layla Forever', 'Saintly Ballad', 'Road Show', 'Miss Contempt', 'Harlons Commision'], 'horse_id': ['1', '2', '3', '4', '5', '6', '7', '8', '9', '10'], 'horse_chances': []}"
Chantilly,13:05,5224556,"{'horse_name': ['Graffiti', 'Elusive Blue', 'Zoelola', 'La Playa', 'Volare Alto', 'La Dame En Rouge', 'Midnight Express', 'Zahiria'], 'horse_id': ['1', '2', '3', '4', '5', '6', '7', '8'], 'horse_chances': []}"
Chantilly,12:20,5224555,"{'horse_name': ['High One', 'Stormy', 'Makhzen', 'La Breviere', 'Red Cayenne', 'Bouquet De Flores', 'Baby Jane', 'Westit', 'Global Impact'], 'horse_id': ['1', '2', '3', '4', '5', '6', '7', '8', '9'], 'horse_chances': []}"
Turfway Park,23:44,5227067,"{'horse_name': ['Bobby V.', 'Infiltration', 'Sergios Pride', 'War Ready', 'Proven Warrior', 'Tacoma Park', 'Scissors And Tape'], 'horse_id': ['1', '2', '3', '4', '5', '6', '7'], 'horse_chances': []}"
Turfway Park,23:15,5227066,"{'horse_name': ['Fancy Justice', 'Princess Dinah', 'Mercer Slough', 'Discreet Kiss', 'Prom Theme', 'Weekend In Malibu'], 'horse_id': ['1', '2', '3', '4', '5', '6'], 'horse_chances': []}"
Penn National,23:54,5227073,"{'horse_name': ['Honor Commitment', 'Kowboy Duel', 'Rockhaven', 'Joshie', 'Bridle Me', 'Fire Sparx', 'Philanthromister'], 'horse_id': ['1', '2', '3', '4', '5', '6', '7'], 'horse_chances': []}"
Penn National,23:27,5227071,"{'horse_name': ['Goodnewswithatwist', 'Northern Call', 'Royal Brute', 'Polished Degree', 'Beauziggity', 'Timetogivein', 'Cosmic Charlie'], 'horse_id': ['1', '2', '3', '4', '5', '6', '7'], 'horse_chances': []}"
Penn National,23:00,5227070,"{'horse_name': ['Untethered', 'Waitin On One', 'Trouble With Girls', 'Bat Cave', 'Risky Guy', 'Moorestown Jackie', 'Congrats To M K'], 'horse_id': ['1', '2', '3', '4', '5', '6', '7'], 'horse_chances': []}"
Santa Anita,23:30,5227090,"{'horse_name': [""Cammy's Music"", 'Not Chopped Liver', 'Magical More', 'Liberty Jack', 'Tuff T', 'Sun Kingdom', 'Sleepin N Cheatin', 'Duke Of Eddie', 'Nashoga', 'Supreme Giant', 'Runs Sweet', 'Bitte', 'Catfish Hunter', 'Shades Play'], 'horse_id': ['1', '2', '3', '4', '6', '7', '9', '10', '11', '12', '13', '14', '5', '8'], 'horse_chances': []}"
Santa Anita,23:00,5227089,"{'horse_name': ['Place Des Vosges', 'Backintheacademy', 'Crimson And Gold', ""Molly's Honour"", 'Lucy De', 'Shazara', 'Lady Pamela', 'Sweet Dragon Fly', 'Radiantly'], 'horse_id': ['1', '2', '3', '4', '5', '6', '7', '8', '9'], 'horse_chances': []}"
Santa Anita,22:30,5227088,"{'horse_name': ['Curlina Curlina', 'Summertimemischief', 'Righteous Dixie', 'Agent Nine T Nine', 'Nang Noi', 'Candy Coded', 'Royal Red', 'Kadabadoo', 'Latina Mo'], 'horse_id': ['1', '2', '3', '4', '5', '6', '7', '8', '9'], 'horse_chances': []}"
Santa Anita,22:00,5227087,"{'horse_name': ['Dyna Star', 'Trinitys Turn', 'Sheswildnfree', 'Lirica Heat', 'Paschalitsa', 'Autumn Twilight'], 'horse_id': ['1', '2', '3', '4', '5', '6'], 'horse_chances': []}"
Santa Anita,21:30,5227086,"{'horse_name': ['Scathing', 'Princess Tiznow', 'It Girl', 'Heartofthetemple', 'Albeit', 'Empress Suiko'], 'horse_id': ['1', '2', '3', '4', '5', '6'], 'horse_chances': []}"
Aqueduct,21:50,5227105,"{'horse_name': ['Bracken Belle', 'Jacqueline D', 'Proud Lily', 'Beyond Discreet', 'Miss Meadowbrook', ""Salori's Bank"", 'Grande Beso', 'Deed To The Bank', 'Mini Megan'], 'horse_id': ['1', '2', '3', '4', '5', '6', '7', '8', '9'], 'horse_chances': []}"
Santa Anita,21:00,5227085,"{'horse_name': ['Ebadan', 'Awesome Return', 'Crown The Kitten', 'Formulate', 'Buymeabond', 'Play Hard To Get', 'Professor Berns'], 'horse_id': ['1', '2', '3', '4', '5', '6', '7'], 'horse_chances': []}"
Aqueduct,21:20,5227104,"{'horse_name': ['Audacious Angel', 'Spa Town Parade', ""Star's Bella Vita"", 'Riot Worthy', 'Legally Bay', 'Maddizaskar', ""She's So Fine"", 'Just Got Out', 'Natalie Victoria', 'Flick Of An Eye'], 'horse_id': ['1', '2', '3', '4', '5', '6', '7', '8', '9', '10'], 'horse_chances': []}"
Aqueduct,20:50,5227103,"{'horse_name': ['Can You Diggit', 'Tellmeafookystory', 'Ethan Hunt', 'Fleet Irish', 'Dynamax Prime', 'Hamptons Holiday', 'Bourbon Empire', ""Jaime's Angel"", ""Stretch's Stone"", 'Mr. Buff'], 'horse_id': ['1', '2', '3', '4', '5', '6', '7', '8', '9', '10'], 'horse_chances': []}"
Aqueduct,20:20,5227102,"{'horse_name': ['Yourcreditisgood', 'Vaughn', 'Justenufflaughter', 'Fly Ash', ""Dr. J's Buck"", 'Boomerang Becky', 'Chocolate Smoothie', 'Saratiago', 'If You Believe', 'Redneck Gold'], 'horse_id': ['1', '2', '3', '4', '5', '6', '7', '8', '9', '10'], 'horse_chances': []}"
Aqueduct,19:50,5227101,"{'horse_name': ['Guayana', 'Oaks', 'Shakesperian Dream', 'Abounding Spirit', 'Kate Is A Ten', 'Bi Light Of Day', 'Pari Nath', 'Can Can Babe'], 'horse_id': ['1', '2', '3', '4', '5', '6', '7', '8'], 'horse_chances': []}"
Aqueduct,19:20,5227100,"{'horse_name': ['He Can Dance', 'Breeze Burner', 'Ten Twenty Nine', ""Can'tmakethisup"", 'Honorable Jonas'], 'horse_id': ['1', '2', '3', '4', '5'], 'horse_chances': []}"
Aqueduct,18:50,5227099,"{'horse_name': [""John's Island"", ""Nonna's Boy"", 'Monster Mash', 'Forest Boy', 'Ima Wildcat', 'Johannesburg Smile'], 'horse_id': ['1', '2', '3', '4', '5', '6'], 'horse_chances': []}"
Aqueduct,18:20,5227098,"{'horse_name': ['Yummy Bear', 'Read The Dream', 'Altesino', 'Oh So Sinister', 'Final Exchange'], 'horse_id': ['1', '2', '3', '4', '5'], 'horse_chances': []}"
Tampa Bay Downs,21:25,5227113,"{'horse_name': ['Luckystrikedelcoco', 'Ballinskelligs', 'Sequiota', 'Rockin Alli', 'Believe Indeed', 'Kizuna', 'Indian Starlight', 'Tango Lima', 'Wind Cheater'], 'horse_id': ['1', '2', '3', '4', '5', '6', '7', '8', '9'], 'horse_chances': []}"
Tampa Bay Downs,20:55,5227112,"{'horse_name': ['Queens Quarters', 'Temple Fairy Place', 'Girl Powder', 'Sisters Bold', 'Shack Up', 'Histrionic', 'R Way To Escape', ""Renee's Cat"", 'Southernperfection', 'Amuse The Diva'], 'horse_id': ['1', '2', '3', '4', '5', '6', '7', '8', '9', '10'], 'horse_chances': []}"
Tampa Bay Downs,19:55,5227110,"{'horse_name': ['Attack Zone', 'Fortissimo', 'Handsome Jake', 'Zortec', 'Dravite', 'Alwaysgotthehammer', 'Chico Gris', 'My Cousin Charlie', 'Ibetcha', 'Poncho Grande', 'Enroute', 'New Dude', 'Bite The Bit', 'Drexels Gold'], 'horse_id': ['1', '2', '3', '4', '5', '6', '7', '8', '9', '10', '11', '12', '13', '14'], 'horse_chances': []}"
Tampa Bay Downs,20:25,5227111,"{'horse_name': ['Saved By The Swell', 'Move', ""Mo'ne Davis"", 'Gulf View', 'Spearette', 'Bleeding Heart', 'Derval'], 'horse_id': ['1', '2', '3', '4', '5', '6', '7'], 'horse_chances': []}"
Tampa Bay Downs,19:25,5227109,"{'horse_name': ['Miss Adara', 'Asian Moonlady', 'Soul Strategy', 'Chambord Lace', 'Gone To Dixie', 'Vita Luna', 'Golden Fire Fly'], 'horse_id': ['1', '2', '3', '4', '5', '6', '7'], 'horse_chances': []}"
Tampa Bay Downs,18:55,5227108,"{'horse_name': [""Dreams D'argent"", 'Ismusbemyluckyday', 'K C Wiegmann', 'Flower Punch', 'Iphikles', 'Intelligence', 'High Side', 'Sabbatarian', 'Quinnehtukqut', 'West Of Eden', 'Step Two'], 'horse_id': ['1', '2', '3', '4', '5', '6', '7', '8', '9', '10', '11'], 'horse_chances': []}"
Tampa Bay Downs,18:25,5227107,"{'horse_name': ['Dreamup', 'Hone In', ""Shea's Cool"", 'Red River Heidi', 'High Pitch', ""Devil's Rose""], 'horse_id': ['1', '2', '3', '4', '5', '6'], 'horse_chances': []}"
Tampa Bay Downs,17:55,5227106,"{'horse_name': ['Saint Lipsi Chick', 'Gabriels Joy', 'Justeveryday', 'Zibby Do', 'Napa Valley Rose', 'Mystic Delight', 'Get A Room'], 'horse_id': ['1', '2', '3', '4', '5', '6', '7'], 'horse_chances': []}"
Gulfstream,22:32,5227149,"{'horse_name': [""Kirby's Penny"", ""Scat's Empire"", ""Harlan's Darlin"", 'Castor', ""Admiral's Win"", 'Cape Mist', ""Magician's Vanity"", 'Any Given Trace', 'Kenitra', 'Hollywood Tomcat', 'Card Spun', ""Lillie's Answer""], 'horse_id': ['1', '2', '3', '4', '5', '6', '7', '8', '9', '10', '11', '12'], 'horse_chances': []}"
Gulfstream,22:02,5227148,"{'horse_name': ['Tormenta De Oro', 'Tale For Ruby', 'Shaan', 'Lucky Switch', 'Linda Mimi', 'Hi Holiday', 'Meadow Rose', 'Top Decile'], 'horse_id': ['1', '2', '3', '4', '5', '6', '7', '8'], 'horse_chances': []}"
Gulfstream,21:32,5227147,"{'horse_name': ['Inside Out', 'Southern Gem', 'Alotta Skirt', 'More Than A Party', 'Moon River', 'E B Ryder', 'Peru', 'Bibby', 'Josdesanimaux', 'Mississippi Delta', 'Frosty Friday', 'Theophilia'], 'horse_id': ['1', '2', '3', '4', '5', '6', '7', '8', '9', '10', '11', '12'], 'horse_chances': []}"
Gulfstream,20:32,5227145,"{'horse_name': ['Love Conquers', 'Ledbetter', 'Dawn Raider', 'Charlie The Greek', 'Vencedor', 'Our Sarge', 'Chatiment', 'Crackin Jon'], 'horse_id': ['1', '2', '3', '4', '5', '6', '7', '8'], 'horse_chances': []}"
Gulfstream,21:02,5227146,"{'horse_name': ['Morea', 'Indominus', 'Scuba Sue', 'Runaway Train', 'Congressionalstorm', 'Glass House', 'Eila', 'Crazy About Jazz', 'Swimming'], 'horse_id': ['1', '2', '3', '4', '5', '6', '7', '8', '9'], 'horse_chances': []}"
Gulfstream,20:02,5227144,"{'horse_name': ['Geh Schnell', 'Leonardo Da Vinci', 'Mr. Magic', 'Sea Cookie', 'Bridge Of Luck', 'Wickstead', 'Golden Pirate', 'Point Roll', 'Zandar', 'Beaukati'], 'horse_id': ['1', '2', '3', '4', '5', '6', '7', '8', '9', '10'], 'horse_chances': []}"
Gulfstream,18:33,5227141,"{'horse_name': ['Tricky Moon', 'Misty Spirit', 'Wild Dalton', 'Yurubi', ""I'm Thirsty"", 'My Little Princess', 'Pachamanca', 'Poopsie Doopsie'], 'horse_id': ['1', '2', '3', '4', '5', '6', '7', '8'], 'horse_chances': []}"
Gulfstream,19:02,5227142,"{'horse_name': ['Silver Sassy', 'Break Away', ""It's High Time"", 'Aly Cruise', 'Queen Of Silence', 'Troya', 'Voila La Victoire', 'Mo Wees', 'Bellamy Torch'], 'horse_id': ['1', '2', '3', '4', '5', '6', '7', '8', '9'], 'horse_chances': []}"
Wolverhampton,20:15,5228078,"{'horse_name': ['Lostock', 'Jack The Truth', 'Logi', 'Zavikon', 'Ebitda', 'Jack Blane'], 'horse_id': ['4', '2', '3', '5', '6', '1'], 'horse_chances': ['15/8 ', '2/1 ', '10/3 ', '5/1 ', '25/1 ', '40/1 ']}"
Gulfstream,19:32,5227143,"{'horse_name': ['Crowning Affair', 'Conquest Superstep', 'Last Kiss', 'Pawleys Express', 'A Little Attitude', ""Curlin's Image"", 'Money Or Love'], 'horse_id': ['1', '2', '3', '4', '5', '6', '7'], 'horse_chances': []}"
Gulfstream,18:04,5227140,"{'horse_name': ['The Great Casby', 'Padilla', 'Gone Local', 'Midnight Cello', 'Mach My Day', ""He's Cotton"", 'Moonlight Bandit'], 'horse_id': ['1', '2', '3', '4', '5', '6', '7'], 'horse_chances': []}"
Gulfstream,17:35,5227139,"{'horse_name': ['Playa Zaragoza', 'Sensationalsatrday', 'Tale Of Preseli', 'Miss Regal Light', 'Summer Whites', 'Pomera', 'Charming Fantasy', 'Miss Steffi'], 'horse_id': ['1', '2', '3', '4', '5', '6', '7', '8'], 'horse_chances': []}"
Wolverhampton,19:45,5228079,"{'horse_name': ['Lord Cooper', 'Jet Setter', 'Bismarck The Flyer', 'Scotch Myst', 'Bourbonisto', 'Vaux', 'Trick Of The Lyte'], 'horse_id': ['1', '4', '6', '7', '3', '5', '2'], 'horse_chances': ['5/4 ', '4/1 ', '9/2 ', '13/2 ', '8/1 ', '22/1 ']}"
Wolverhampton,19:15,5228076,"{'horse_name': ['Gilgamesh', ""Tailor's Row"", 'Spirit Of Sarwan', 'Letmestopyouthere', 'Mums The Word', 'Allegheny Bay'], 'horse_id': ['3', '2', '5', '1', '4', '6'], 'horse_chances': ['6/4', '3/1 ', '6/1 ', '7/1 ', '8/1 ', '12/1 ']}"
Wolverhampton,18:45,5228077,"{'horse_name': ['Dandilion', 'It Must Be Faith', 'Roaring Rory', 'Jack The Laird', 'Give Us A Belle', 'Dream Ally', 'Cruise Tothelimit', ""David's Beauty"", 'Bilash'], 'horse_id': ['6', '1', '2', '3', '8', '7', '4', '5', '9'], 'horse_chances': ['2/1 ', '5/2 ', '11/2 ', '15/2 ', '8/1 ', '16/1 ', '25/1 ', '33/1 ', '50/1 ']}"
Wolverhampton,18:15,5228073,"{'horse_name': ['Tred Softly', 'Scrafton', 'Asian Wing', 'Dream Serenade', 'Lineman', 'Iona Island', 'Tingo In The Tale', 'Musical Moon', 'Somepink'], 'horse_id': ['6', '2', '1', '8', '3', '5', '7', '4', '9'], 'horse_chances': ['9/4 ', '10/3 ', '7/2 ', '7/1 ', '10/1 ', '11/1 ', '11/1 ', '66/1 ', '66/1 ']}"
Dundalk,21:00,5228026,"{'horse_name': ['Serefeli', 'Sea Of Blue', 'Hello Humpfrey', 'King Christophe', 'Shukhov', 'U S Navy Seal', 'Mosman', 'Six Silver Lane', 'Bottleofsmoke', 'Bien Chase', 'Shake The Bucket', 'Trump Card', 'Dark Amber', 'Golden Silence', 'The Ice Meister', 'College Times', 'Yellow Rock'], 'horse_id': ['3', '1', '9', '4', '8', '2', '13', '6', '10', '16', '5', '14', '15', '12', '7', '11', '17'], 'horse_chances': ['7/2 ', '4/1 ', '4/1 ', '9/1 ', '10/1 ', '11/1 ', '11/1 ', '12/1 ', '12/1 ', '12/1 ', '14/1 ', '14/1 ', '18/1 ', '22/1 ', '28/1 ', '33/1 ', '40/1 ']}"
Wolverhampton,17:45,5228075,"{'horse_name': ['Pick Of Any', 'Ambitious Boy', 'Mr Chuckles', 'Tasaaboq', ""Lizzy's Dream"", 'Ocotillo', 'Nefetari', 'National Service', 'Presto Boy', 'Whispering Soul', 'Rat Catcher', 'Pull The Pin', 'Prince Of Time'], 'horse_id': ['1', '4', '7', '5', '11', '2', '8', '9', '12', '6', '10', '13', '3'], 'horse_chances': ['2/1 ', '7/2 ', '6/1 ', '11/1 ', '11/1 ', '12/1 ', '12/1 ', '12/1 ', '12/1 ', '33/1 ', '33/1 ', '33/1 ']}"
Exeter,15:15,5228061,"{'horse_name': ['Wild West Wind', 'Label Des Obeaux', 'In The Rough', 'Herbert Park', 'Ugolin De Beaumont'], 'horse_id': ['2', '1', '3', '4', '5'], 'horse_chances': ['1/1 ', '13/8 ', '10/1 ', '12/1 ', '22/1 ']}"
Exeter,15:50,5228064,"{'horse_name': ['Spookydooky', 'West Of The Edge', 'Abracadabra Sivola', 'Barton Gift', 'Millicent Silver', 'Theatrical Star', 'Audacious Plan', 'Woodford County', 'Vice Et Vertu', 'Talk Of The South', 'Say My Name', 'Kingswell Theatre', 'Ambion Lane', 'The Clyda Rover', 'Mountainous', 'Dawson City'], 'horse_id': ['7', '10', '4', '5', '12', '2', '9', '11', '13', '14', '8', '3', '15', '16', '1', '6'], 'horse_chances': ['3/1 ', '3/1 ', '13/2 ', '11/1 ', '11/1 ', '12/1 ', '12/1 ', '12/1 ', '20/1 ', '20/1 ', '22/1 ', '25/1 ', '50/1 ', '125/1 ']}"
Exeter,16:25,5228067,"{'horse_name': ['Any Drama', 'Brahms De Clermont', 'The Last But One', 'Black Anthem', 'Robin Why Not', 'Henchard', ""Flo'sboy Sam"", 'Some Chaos', 'Kilinakin'], 'horse_id': ['1', '3', '8', '2', '6', '4', '9', '7', '5'], 'horse_chances': ['1/3 ', '11/4 ', '11/1 ', '33/1 ', '40/1 ', '50/1 ', '80/1 ', '100/1 ', '175/1 ']}"
Exeter,14:45,5228058,"{'horse_name': ['Shaama Grise', 'Sainte Ladylime', 'Giveaway Glance', 'Toberdowney', 'Tara Mist', 'Graceful Legend', 'Aunty Ann', 'Bobble Boru'], 'horse_id': ['2', '1', '7', '5', '4', '3', '6', '8'], 'horse_chances': ['9/4 ', '5/1 ', '5/1 ', '6/1 ', '7/1 ', '17/2 ', '9/1 ', '22/1 ']}"
Warwick,17:15,5228074,"{'horse_name': ['Turn Turk', 'Dame Rose', 'Grey Warbler', 'Royal Claret', 'Diva Reconce', 'Potters Angelique', 'Lerichi Belle', 'Kiyana', ""Macca's Stowaway"", 'Flow From Devon'], 'horse_id': ['1', '7', '2', '6', '8', '5', '4', '3', '10', '9'], 'horse_chances': ['11/4 ', '11/4 ', '4/1 ', '5/1 ', '11/2 ', '16/1 ', '18/1 ', '28/1 ', '100/1 ']}"
Exeter,14:10,5228055,"{'horse_name': ['Little Miss Poet', 'Cascaye', 'Llantara', 'Princess Sonoma', 'Royale Champ', 'Robinetta', 'Civitesses', 'Drewmain Legend'], 'horse_id': ['1', '2', '5', '6', '7', '8', '3', '4'], 'horse_chances': ['1/7 ', '5/1 ', '10/1 ', '25/1 ', '50/1 ', '125/1 ', '150/1 ', '175/1 ']}"
Warwick,15:05,5228060,"{'horse_name': ['Celtic Park', 'Bassarabad', 'Bacchanel', 'Knight Ofthe Realm', 'Royals And Rebels', 'Phangio', ""How's Vienna""], 'horse_id': ['4', '2', '3', '5', '1', '6', '7'], 'horse_chances': ['3/1 ', '4/1 ', '4/1 ', '9/2 ', '7/1 ', '9/1 ', '9/1 ']}"
Warwick,14:30,5228057,"{'horse_name': ['Early Du Lemo', 'Night Of Sin', 'Landin', 'Fixed Rate', 'Sporty Yankee', 'Deduce', 'Maroc', 'Hollywood Ken', 'The Greedy Boy'], 'horse_id': ['1', '2', '6', '4', '3', '9', '7', '5', '8'], 'horse_chances': ['9/4 ', '5/2 ', '11/4 ', '10/1 ', '11/1 ', '16/1 ', '33/1 ', '50/1 ', '100/1 ']}"
Warwick,16:45,5228069,"{'horse_name': ['Allchilledout', 'Future Gilded', 'Shanroe Santos', 'Hit The Highway', 'Muckle Roe', 'Kris Spin', ""Umberto D'olivate"", 'Land Of Vic', 'Definite Memories'], 'horse_id': ['9', '5', '6', '4', '7', '3', '1', '2', '8'], 'horse_chances': ['7/2 ', '4/1 ', '11/2 ', '7/1 ', '15/2 ', '10/1 ', '11/1 ', '11/1 ', '16/1 ']}"
Warwick,15:35,5228063,"{'horse_name': ['Templehills', 'Doitforthevillage', 'No Buts', 'Dresden', 'Pressurize', 'Ballygarvey', 'Johnny Og'], 'horse_id': ['2', '5', '6', '1', '3', '7', '4'], 'horse_chances': ['3/1 ', '7/2 ', '4/1 ', '11/2 ', '6/1 ', '9/1 ', '16/1 ']}"
Warwick,16:10,5228066,"{'horse_name': ['Act Now', 'Staunton', 'Over My Head', 'The Model County', 'Storm Alert', 'Supapowers', 'Romeo Americo', 'Dalton Glance', 'Phar Away Island', 'William Money', 'Replacement Plan'], 'horse_id': ['1', '9', '10', '8', '5', '2', '6', '3', '11', '7', '4'], 'horse_chances': ['5/4 ', '7/2 ', '13/2 ', '9/1 ', '11/1 ', '12/1 ', '18/1 ', '22/1 ', '33/1 ', '1/1 ']}"
